offer-2,2% Discount,Get 2% discount for every 5,2551001197000
offer-3,3% Discount,Get 3% discount for every 5,2551001197000
offer-4,4% Discount,Get 4% discount for every 5,2551001197000
offer-5,5% Discount,Get 5% discount for every 5,2551001197000
offer-6,6% Discount,Get 6% discount for every 5,2551001197000
offer-7,7% Discount,Get 7% discount for every 5,2551001197000
offer-8,8% Discount,Get 8% discount for every 5,2551001197000
offer-9,9% Discount,Get 9% discount for every 5,2551001197000
offer-10,10% Discount,Get 10% discount for every 5,2551001197000
offer-11,11% Discount,Get 11% discount for every 5,2551001197000
offer-12,12% Discount,Get 12% discount for every 5,2551001197000
offer-13,13% Discount,Get 13% discount for every 5,2551001197000
offer-14,14% Discount,Get 14% discount for every 5,2551001197000
offer-15,15% Discount,Get 15% discount for every 5,2551001197000
offer-16,16% Discount,Get 16% discount for every 5,2551001197000
offer-17,17% Discount,Get 17% discount for every 5,2551001197000
offer-18,18% Discount,Get 18% discount for every 5,2551001197000
offer-19,19% Discount,Get 19% discount for every 5,2551001197000
offer-20,20% Discount,Get 20% discount for every 5,2551001197000
offer-21,21% Discount,Get 21% discount for every 5,2551001197000
offer-22,22% Discount,Get 22% discount for every 5,2551001197000
offer-23,23% Discount,Get 23% discount for every 5,2551001197000
offer-24,24% Discount,Get 24% discount for every 5,2551001197000
offer-25,25% Discount,Get 25% discount for every 5,2551001197000
offer-26,26% Discount,Get 26% discount for every 5,2551001197000
offer-27,27% Discount,Get 27% discount for every 5,2551001197000
offer-28,28% Discount,Get 28% discount for every 5,2551001197000
offer-29,29% Discount,Get 29% discount for every 5,2551001197000
offer-30,30% Discount,Get 30% discount for every 5,2551001197000
offer-31,31% Discount,Get 31% discount for every 5,2551001197000
offer-32,32% Discount,Get 32% discount for every 5,2551001197000
offer-33,33% Discount,Get 33% discount for every 5,2551001197000
offer-34,34% Discount,Get 34% discount for every 5,2551001197000
offer-35,35% Discount,Get 35% discount for every 5,2551001197000
offer-36,36% Discount,Get 36% discount for every 5,2551001197000
offer-37,37% Discount,Get 37% discount for every 5,2551001197000
offer-38,38% Discount,Get 38% discount for every 5,2551001197000
offer-39,39% Discount,Get 39% discount for every 5,2551001197000
offer-40,40% Discount,Get 40% discount for every 5,2551001197000
offer-41,41% Discount,Get 41% discount for every 5,2551001197000
offer-42,42% Discount,Get 42% discount for every 5,2551001197000
offer-43,43% Discount,Get 43% discount for every 5,2551001197000
offer-44,44% Discount,Get 44% discount for every 5,2551001197000
offer-45,45% Discount,Get 45% discount for every 5,2551001197000
offer-46,46% Discount,Get 46% discount for every 5,2551001197000
offer-47,47% Discount,Get 47% discount for every 5,2551001197000
offer-48,48% Discount,Get 48% discount for every 5,2551001197000
offer-49,49% Discount,Get 49% discount for every 5,2551001197000
offer-50,50% Discount,Get 50% discount for every 5,2551001197000
offer-51,51% Discount,Get 51% discount for every 5,2551001197000
offer-52,52% Discount,Get 52% discount for every 5,2551001197000
offer-53,53% Discount,Get 53% discount for every 5,2551001197000
offer-54,54% Discount,Get 54% discount for every 5,2551001197000
offer-55,55% Discount,Get 55% discount for every 5,2551001197000
offer-56,56% Discount,Get 56% discount for every 5,2551001197000
offer-57,57% Discount,Get 57% discount for every 5,2551001197000
offer-58,58% Discount,Get 58% discount for every 5,2551001197000
offer-59,59% Discount,Get 59% discount for every 5,2551001197000
offer-60,60% Discount,Get 60% discount for every 5,2551001197000
offer-61,61% Discount,Get 61% discount for every 5,2551001197000
offer-62,62% Discount,Get 62% discount for every 5,2551001197000
offer-63,63% Discount,Get 63% discount for every 5,2551001197000
offer-64,64% Discount,Get 64% discount for every 5,2551001197000
offer-65,65% Discount,Get 65% discount for every 5,2551001197000
offer-66,66% Discount,Get 66% discount for every 5,2551001197000
offer-67,67% Discount,Get 67% discount for every 5,2551001197000
offer-68,68% Discount,Get 68% discount for every 5,2551001197000
offer-69,69% Discount,Get 69% discount for every 5,2551001197000
offer-70,70% Discount,Get 70% discount for every 5,2551001197000
offer-71,71% Discount,Get 71% discount for every 5,2551001197000
offer-72,72% Discount,Get 72% discount for every 5,2551001197000
offer-73,73% Discount,Get 73% discount for every 5,2551001197000
offer-74,74% Discount,Get 74% discount for every 5,2551001197000
offer-75,75% Discount,Get 75% discount for every 5,2551001197000
offer-76,76% Discount,Get 76% discount for every 5,2551001197000
offer-77,77% Discount,Get 77% discount for every 5,2551001197000
offer-78,78% Discount,Get 78% discount for every 5,2551001197000
offer-79,79% Discount,Get 79% discount for every 5,2551001197000
offer-80,80% Discount,Get 80% discount for every 5,2551001197000
offer-81,81% Discount,Get 81% discount for every 5,2551001197000
offer-82,82% Discount,Get 82% discount for every 5,2551001197000
offer-83,83% Discount,Get 83% discount for every 5,2551001197000
offer-84,84% Discount,Get 84% discount for every 5,2551001197000
offer-85,85% Discount,Get 85% discount for every 5,2551001197000
